,META,AAPL,AMZN,GOOG
esg_prem,10.07,8.86,14.280000000000001,10.34
margin_of_safety,45.0,45.0,45.0,45.0
dcf_low,3759669.3188265692,7692375.985541468,6388985.302835712,13522911.104922807
dcf_high,9911855.47690641,20279900.325518414,16843688.525657784,35651311.094796486
dcf,6835762.397866489,13986138.15552994,11616336.91424675,24587111.099859647
